start_year,end_year,end_balance
1990,2016,4020541.6420493596
1990,2016,3592208.5166134555
1990,2016,3589922.665082272
1990,2016,1701000.0
