start_year,end_year,rebalance_interval,end_balance
2005,2016,3,769645.0798188966
2005,2016,1,740256.7513729658
2005,2016,2,639697.4222577285
2005,2016,0,486000.0
