start_year,end_year,rebalance_interval,end_balance
2007,2012,2,256649.25027757487
2007,2012,3,241750.60100976672
2007,2012,1,222955.7660859683
2007,2012,0,189000.0
