start_year,end_year,rebalance_interval,end_balance
2007,2016,0,462113.2029244745
2007,2016,0,462113.2029244745
2007,2016,0,462113.2029244745
2007,2016,0,462113.2029244745
2007,2016,0,462113.2029244745
2007,2016,0,462113.2029244745
2007,2016,6,459960.4317609288
2007,2016,12,459852.9514754977
2007,2016,4,459462.761191953
2007,2016,2,458847.34942440235
2007,2016,1,458263.6277500546
2007,2016,3,457711.6115614795
2007,2016,0,375000.0
