start_year,end_year,rebalance_interval,end_balance
2007,2016,3,564833.9739300153
2007,2016,1,557861.3300568286
2007,2016,2,462388.14997037034
2007,2016,0,375000.0
