start_year,end_year,rebalance_interval,end_balance
2012,2016,1,182544.7157533865
2012,2016,3,169288.73973621833
2012,2016,2,157859.2437366777
2012,2016,0,150000.0
